id_person,Culture,Location,n_recordings,f0_mean_hz,f0_sd_hz,f1_mean_hz,f2_mean_hz,f3_mean_hz,f4_mean_hz,vtl_proxy_hz
1,Afr-Colombians,Colombia,1,229.9472589,42.31554526,715.377,1569.503,2594.823,3946.798,1841.4606393078188
1,Arawak,Guyana,1,176.8591892,29.33117496,599.589,1911.482,2968.183,4132.458,1936.3361245477577
1,Jenu Kurubas,India,1,293.997803,74.7045788,569.691,1686.557,2781.343,4034.268,1812.0280631430162
1,Kalahari,Papua New Guinea,1,258.5720317,37.54382436,641.941,1335.817,2639.559,3434.117,1669.7334036283708
1,Krakow,Poland,1,262.3306135,56.9892682,567.832,1703.206,3163.215,4099.622,1881.8711833222524
1,Mbendjele,Republic of Congo,1,354.7564242,45.62386188,665.216,1690.629,2922.247,3942.082,1897.2012146609516
1,Mestizo,Colombia,1,287.1998182,31.59193665,803.681,1763.225,2819.756,3835.758,1978.625223935059
1,Nyangatom,Ethiopia,1,258.8568391,31.46791752,662.652,1662.008,2754.599,3820.481,1845.1163751299653
1,Rural Southern Poland,Poland,1,255.4879115,45.68538171,437.468,1783.372,3058.976,4021.589,1760.1127830628307
1,Sapara & Achuar,Ecuador,1,210.2370213,24.51734771,603.564,2072.21,3076.562,4261.784,2012.350147324295
1,Toposa,Ethiopia,1,266.1216964,70.53044753,687.198,2147.117,3029.507,3933.22,2047.6911303710556
1,Tsimane,Bolivia,1,198.7457522,31.84999041,587.978,1795.977,3093.727,4094.392,1912.4201621714717
1,Turku,Finland,1,267.752024,81.09971932,688.876,1871.375,3015.533,4080.877,1995.744159985416
1,Urban Beijing,China,1,197.7671885,41.35598088,608.348,1874.308,2991.9,4083.736,1931.965843477384
1,Urban San Diego,USA,1,268.8602978,87.8802311,618.253,1832.852,2958.32,4149.169,1931.1898761366417
1,Urban Toronto,Canada,1,199.4235683,93.52789866,581.547,1955.359,3000.715,4103.775,1934.438395972118
1,Urban Wellington,New Zealand,1,273.3591362,63.8954276,590.625,1546.716,2856.633,3994.394,1796.8297864947604
1,Vanuatu,Vanuatu,1,196.3464236,58.91607842,672.033,2061.615,3094.378,3874.471,2018.8125043674866
2,Arawak,Guyana,1,217.2974118,34.60499755,676.211,1654.32,2848.271,3648.913,1846.5524247700346
2,Hadza,Tanzania,1,238.5450538,33.9489526,546.961,1820.57,3096.136,4244.791,1901.997846868013
2,Jenu Kurubas,India,1,256.6663158,68.59003464,631.041,1820.625,2856.343,4156.562,1921.7888749928788
2,Kalahari,Papua New Guinea,1,289.9229915,86.80688393,617.403,1526.862,2699.424,3671.134,1748.2758802823737
2,Krakow,Poland,1,223.68739,77.25000537,602.252,1823.89,2854.405,4094.843,1892.9207651789218
2,Mbendjele,Republic of Congo,1,408.4622222,58.26822172,706.525,1734.157,2869.995,4018.207,1938.797041135008
2,Mentawai Islanders,Sumatra,1,216.8259167,45.40666885,702.456,1863.946,2955.411,4104.116,1996.2847602890743
2,Mestizo,Colombia,1,285.8429151,47.22590901,564.087,1841.912,2787.778,4134.252,1860.2337737416908
2,Nyangatom,Ethiopia,1,256.8079798,26.62243201,535.011,1895.019,2927.362,3885.737,1842.8141080701885
2,Quechua,Peru,1,156.4688462,15.29368296,597.998,2073.83,3207.356,4220.644,2024.1826280800065
2,Rural Southern Poland,Poland,1,294.4820879,75.63693261,572.808,1878.095,3059.32,4125.873,1919.6269931639922
2,Sapara & Achuar,Ecuador,1,161.4230541,48.79014772,477.965,1873.679,2949.837,4038.218,1807.2563775301485
2,Toposa,Ethiopia,1,275.2170313,51.3105267,527.405,1629.117,2975.94,3992.103,1787.4364369420957
2,Turku,Sweden,1,232.9923448,65.00906054,684.216,1870.727,3161.651,4208.554,2031.4803139082976
2,Urban Beijing,China,1,190.1467123,34.37160476,628.571,2174.129,3026.721,4352.958,2059.914188748836
2,Urban San Diego,USA,1,240.53875,87.24260295,546.026,2163.14,3002.566,4207.286,1965.3872629384753
2,Urban Toronto,Canada,1,213.8367763,81.00717841,565.015,1910.085,2985.466,4121.551,1908.9579846080956
2,Urban Wellington,New Zealand,1,263.0652764,98.49922524,651.076,1873.772,2947.117,4029.347,1950.9454202193178
2,Vanuatu,Vanuatu,1,213.3789024,39.79138711,618.99,1800.096,2805.986,3856.487,1863.4346544252548
3,Afr-Colombians,Colombia,1,172.5463946,28.36782986,693.917,1586.63,2819.901,3858.888,1860.4577251291007
3,Arawak,Guyana,1,213.6783333,37.14781712,679.625,1642.248,3002.824,3979.159,1910.985161171329
3,Jenu Kurubas,India,1,263.8,104.8047953,557.569,1932.041,3129.768,4389.686,1961.3953433648583
3,Kalahari,Papua New Guinea,1,301.7909503,108.3967754,730.143,1584.271,2608.778,3763.279,1835.7360418827307
3,Krakow,Poland,1,269.4340741,99.71108874,665.437,1945.733,3024.037,4095.149,2001.0675510485694
3,Mbendjele,Republic of Congo,1,362.3557895,63.85248566,705.1,1801.785,3040.803,3932.308,1974.2283013757678
3,Mentawai Islanders,Sumatra,1,288.2898361,103.648756,760.438,1762.514,2915.206,4034.276,1992.5434958440514
3,Mestizo,Colombia,1,360.2194408,38.71708135,693.358,1779.536,2949.204,3773.726,1925.018341617806
3,Nyangatom,Ethiopia,1,296.1194712,50.91969742,614.929,1690.07,2665.393,3714.776,1791.0424852868823
3,Rural Southern Poland,Poland,1,282.4135429,75.01590187,524.836,1795.872,2978.864,4114.27,1843.5741725763567
3,Sapara & Achuar,Ecuador,1,241.75984,63.56019376,583.341,1812.756,3020.13,4168.84,1910.1860953172968
3,Toposa,Ethiopia,1,313.8611538,51.92395778,539.623,1846.407,2864.376,3739.137,1807.4022704058632
3,Tsimane,Bolivia,1,180.4791964,62.02526186,602.176,2078.537,3210.32,4273.661,2035.6701062136938
3,Turku,Finland,1,287.8052941,74.33394107,594.449,1881.74,3086.111,4174.51,1948.3762025534895
3,Urban Beijing,China,1,252.6009859,76.88875254,758.622,1791.219,3096.776,4160.2,2045.500220459108
3,Urban San Diego,USA,1,270.0597895,77.382077,509.963,1954.68,3003.231,4119.739,1873.9939928816248
3,Urban Toronto,Canada,1,326.0501613,113.4115553,830.69,1922.764,3068.952,3996.318,2103.7967259982947
3,Urban Wellington,New Zealand,1,400.5571233,52.77461067,729.353,1880.726,2963.053,4086.414,2018.7673461356703
3,Vanuatu,Vanuatu,1,246.1606796,36.10283287,613.957,1803.968,3099.756,4121.473,1939.4861753535424
4,Afr-Colombians,Colombia,1,193.0324,51.92163892,568.605,1882.393,2734.85,3925.026,1841.0867636185083
4,Arawak,Guyana,1,271.1544882,82.30921118,582.23,1851.788,2894.637,3875.289,1864.8590492625226
4,Jenu Kurubas,India,1,250.2922963,83.90495374,637.503,1683.298,2870.447,4092.056,1884.228573026184
4,Kalahari,Papua New Guinea,1,275.5912554,38.78772732,557.46,1351.952,2524.892,3672.912,1625.9495947396322
4,Krakow,Poland,1,256.2884615,78.67784154,787.444,1909.995,3019.391,4104.098,2077.768925623297
4,Mentawai Islanders,Sumatra,1,224.2843496,26.70918422,655.163,1897.129,3034.024,3958.238,1965.5848013035697
4,Mestizo,Colombia,1,167.1575,26.10109843,477.315,1816.475,2867.143,3927.933,1767.7139259182998
4,Nyangatom,Ethiopia,1,241.6973057,48.70531334,555.915,1711.154,2904.307,3946.229,1817.1073024366897
4,Rural Southern Poland,Poland,1,242.5191736,56.73104047,514.014,1727.778,2937.36,3973.835,1794.351300023832
4,Sapara & Achuar,Ecuador,1,144.7978947,17.76457651,556.142,1735.625,2986.122,3867.937,1827.288548756632
4,Toposa,Ethiopia,1,288.581866,51.59398793,739.783,1867.284,2862.774,3805.923,1969.6562851475999
4,Tsimane,Bolivia,1,168.994385,31.21674861,548.206,1985.18,3050.112,4176.057,1929.55192501631
4,Turku,Sweden,1,282.1376,73.39073891,691.226,1895.997,3049.235,4075.264,2008.8665571695215
4,Urban Beijing,China,1,226.8784971,40.51718146,598.014,1606.954,3064.586,4003.637,1853.0422689361017
4,Urban San Diego,USA,1,346.7153986,87.75395812,606.087,1797.08,3029.689,4042.491,1911.1174277117113
4,Urban Toronto,Canada,1,231.5875556,63.92991444,628.198,1846.817,3018.627,4088.901,1945.288929275238
4,Urban Wellington,New Zealand,1,306.8580858,131.6074153,590.569,1783.971,2876.761,4047.931,1871.538777781464
4,Vanuatu,Vanuatu,1,316.7685821,95.58317402,666.771,1744.441,3069.185,4063.548,1951.59799081092
5,Afr-Colombians,Colombia,1,213.2509953,37.85576536,629.118,1863.171,2718.564,3806.273,1866.1909573198122
5,Arawak,Guyana,1,223.9082031,57.21690316,623.564,1603.638,3139.44,3995.384,1881.9129103815899
5,Hadza,Tanzania,1,228.2449345,44.88750377,564.249,2039.116,3224.822,4252.876,1993.08260907901
5,Jenu Kurubas,India,1,285.3257895,22.978648,480.415,1942.236,2944.044,4085.023,1830.2665401737065
5,Kalahari,Papua New Guinea,1,322.3534862,78.32559006,702.634,1874.198,2745.264,3863.558,1933.2100564215853
5,Krakow,Poland,1,262.8481179,45.42160201,587.584,1760.035,2974.948,4112.481,1886.0084633417987
5,Mbendjele,Republic of Congo,1,299.3384404,60.01967856,638.982,1749.264,2932.962,4231.001,1929.8492556821204
5,Mestizo,Colombia,1,205.1579843,31.8952979,613.996,1857.871,2982.044,3862.443,1903.8788398455288
5,Nyangatom,Ethiopia,1,237.5877291,58.47791093,755.317,1656.716,2831.409,3925.549,1931.1681236821448
5,Quechua,Peru,1,219.3500735,50.07733039,536.606,1931.656,2934.614,4070.44,1875.8340443730592
5,Rural Southern Poland,Poland,1,353.3297062,105.0464824,526.274,1746.064,2857.055,3980.315,1797.947595515873
5,Sapara & Achuar,Ecuador,1,170.0603779,40.78861745,574.325,1756.281,3160.224,4033.446,1893.5922154767939
5,Toposa,Ethiopia,1,234.0770588,24.62287732,437.09,1911.351,2898.081,3948.207,1758.350454869775
5,Turku,Finland,1,217.59181,62.41355831,641.455,1859.734,2985.241,4132.028,1958.5737061025632
5,Urban Beijing,China,1,163.012449,17.56850241,552.815,1593.238,3031.982,3866.562,1792.5778178482315
5,Urban San Diego,USA,1,271.1514591,93.37832599,575.21,1839.813,2938.029,4107.961,1890.47363615488
5,Urban Toronto,Canada,1,180.7583333,71.19793578,577.869,1907.955,3043.684,4069.447,1922.3529153816855
5,Urban Wellington,New Zealand,1,403.1262222,87.77157107,808.67,2000.386,3068.77,4220.139,2139.410182487951
5,Vanuatu,Vanuatu,1,296.2533425,64.18556778,704.498,1947.979,2896.559,3829.334,1975.2288285655043
6,Arawak,Guyana,1,274.16575,23.73725924,743.314,2068.872,3163.882,3986.592,2098.6112700225094
6,Hadza,Tanzania,1,236.0861538,53.00227382,617.911,1848.597,3163.411,4220.898,1976.2057658057713
6,Jenu Kurubas,India,1,265.957947,31.35988751,502.888,1989.95,3097.862,4224.928,1902.3862754996255
6,Kalahari,Papua New Guinea,1,169.5926966,28.26240161,603.769,1703.563,2619.33,3828.461,1792.0943208255262
6,Krakow,Poland,1,248.0551515,43.81755987,632.749,1776.752,2974.278,4113.126,1925.7635540686842
6,Mbendjele,Republic of Congo,1,291.13392,50.18019521,554.758,1898.53,3105.672,4412.934,1949.175815282774
6,Mentawai Islanders,Sumatra,1,211.8309357,34.02803027,653.146,1900.255,3171.853,4231.214,2020.2264345007204
6,Mestizo,Colombia,1,221.8610556,36.28704933,636.867,1678.115,2775.226,3806.472,1833.0438958526063
6,Nyangatom,Ethiopia,1,249.8309329,49.64729177,575.15,1733.385,2771.384,3990.123,1822.1737533302219
6,Rural Southern Poland,Poland,1,289.2283405,79.47617333,602.456,1593.541,2716.315,3826.743,1777.3563127399345
6,Sapara & Achuar,Ecuador,1,176.5118537,25.71978609,612.217,1832.127,2859.948,3890.231,1879.5272287489297
6,Toposa,Ethiopia,1,252.5428418,45.24295885,520.424,1709.747,2853.794,3918.958,1776.1130247855642
6,Tsimane,Bolivia,1,194.9545775,29.09332996,471.454,1869.852,3093.498,4182.964,1837.7868138316474
6,Turku,Sweden,1,323.4788532,84.54200435,592.635,1880.559,2865.033,4046.22,1895.890914075241
6,Urban Beijing,China,1,209.4637888,55.6838162,519.277,1741.584,2953.259,3986.25,1806.3520463429265
6,Urban San Diego,USA,1,244.9138679,100.7802017,558.129,1947.73,3001.539,4126.892,1915.6122655663714
6,Urban Toronto,Canada,1,302.8194144,104.7231235,620.947,1877.08,3057.891,4122.184,1957.8150938491608
6,Vanuatu,Vanuatu,1,261.4043964,41.93531943,616.623,1752.972,3061.542,3966.784,1903.4583063765674
7,Arawak,Guyana,1,261.2328723,70.79925676,631.296,1973.969,3187.251,4180.6,2018.631574367956
7,Hadza,Tanzania,1,261.9022995,74.74341203,541.903,2008.335,3164.219,4204.174,1950.6359864712888
7,Jenu Kurubas,India,1,271.2609091,52.65700692,583.446,1741.286,3072.123,4103.24,1891.729662324245
7,Krakow,Poland,1,270.1510931,82.97345399,594.262,1936.811,3025.401,4079.01,1941.3360969988453
7,Mbendjele,Republic of Congo,1,254.4597861,41.26132417,553.299,1829.786,2758.477,4020.206,1830.4988698150603
7,Mestizo,Colombia,1,237.8912214,30.15052925,565.782,1773.279,2882.213,3852.681,1826.9591227003866
7,Nyangatom,Ethiopia,1,177.1469485,56.70241637,485.642,1743.693,2944.924,3929.355,1769.27526265598
7,Quechua,Peru,1,210.3571429,33.55608591,444.335,1642.863,3010.772,3983.622,1720.1525585820189
7,Rural Southern Poland,Poland,1,297.4217471,74.82672864,557.102,1806.505,2941.097,4022.934,1857.6185332604944
7,Sapara & Achuar,Ecuador,1,223.3980808,32.27465069,502.631,1896.989,3210.329,4490.257,1925.4564751582955
7,Toposa,Ethiopia,1,252.2156842,36.39123803,569.446,1669.883,2751.091,3764.038,1771.4315947522525
7,Turku,Finland,1,237.3071315,68.23357314,623.075,1959.039,3020.179,4182.443,1981.5796365031297
7,Urban Beijing,China,1,218.575977,32.14351866,695.584,1942.364,3031.535,4135.52,2028.701867602622
7,Urban San Diego,USA,1,268.7227668,80.43151539,682.602,1699.302,2930.889,4074.908,1929.2514084874144
7,Urban Toronto,Canada,1,273.4837432,126.6477898,615.47,1913.625,2943.878,3967.466,1925.857666012989
7,Urban Wellington,New Zealand,1,297.2696657,103.7953636,604.726,1878.882,2917.434,3982.552,1906.1416042520082
7,Vanuatu,Vanuatu,1,253.1459364,50.97729918,676.315,1674.819,2834.659,3866.639,1877.1018469917171
8,Afr-Colombians,Colombia,1,204.0770183,47.05743316,545.477,1756.161,2619.346,3871.41,1765.4308129230662
8,Jenu Kurubas,India,1,403.4923158,110.5006607,779.09,1959.561,2790.158,3839.626,2011.0183551987193
8,Krakow,Poland,1,236.5017083,52.16193915,637.693,1861.037,2963.572,4066.244,1944.6609523972866
8,Mbendjele,Republic of Congo,1,239.9374753,64.35723576,561.303,1854.32,2762.22,3972.6,1838.3524888616598
8,Mentawai Islanders,Sumatra,1,204.1236444,99.68845663,628.778,1704.675,3045.173,4166.038,1920.2975678899452
8,Mestizo,Colombia,1,254.8032836,89.12631748,731.555,1967.301,2904.853,3976.954,2019.2873787515596
8,Nyangatom,Ethiopia,1,275.2825116,36.08859403,656.716,1750.428,2834.572,3945.77,1893.5870599146556
8,Quechua,Peru,1,162.6015385,50.93615649,544.126,2067.314,3004.815,4280.311,1950.2924834597197
8,Rural Southern Poland,Poland,1,281.4891844,77.32043032,690.127,2000.674,3068.955,4107.407,2042.5180426876432
8,Sapara & Achuar,Ecuador,1,189.1968254,25.02843994,636.514,1876.142,3030.755,4205.608,1975.2102091906736
8,Toposa,Ethiopia,1,251.2022034,59.65770377,722.876,1721.775,2912.262,3960.621,1946.5182650697038
8,Tsimane,Bolivia,1,205.0214523,30.29714966,509.333,2003.238,3061.55,4310.051,1915.5325345850415
8,Turku,Sweden,1,203.8925105,43.15001894,689.558,1945.054,2962.607,4142.258,2014.2038121938888
8,Urban Beijing,China,1,287.477735,68.85160527,592.753,2109.847,3227.698,4396.397,2052.4785628907393
8,Urban San Diego,USA,1,229.5592744,46.81467118,698.785,1952.649,3013.463,4070.469,2022.6443146345794
8,Urban Toronto,Canada,1,217.3924373,100.0933075,595.976,1808.326,2943.023,4048.353,1892.9728363423794
8,Urban Wellington,New Zealand,1,299.2877567,113.6019959,749.635,2009.77,3050.251,4037.716,2075.4720556172165
8,Vanuatu,Vanuatu,1,195.3340659,75.94901363,634.027,1961.889,3257.973,4223.174,2033.9588405474437
9,Afr-Colombians,Colombia,1,228.3338525,27.65112024,605.252,1725.773,2892.03,3935.057,1856.814124837143
9,Arawak,Guyana,1,238.7045418,102.0845544,586.85,1675.523,2807.627,3871.289,1808.0820164163295
9,Hadza,Tanzania,1,206.735907,37.72523689,602.486,1792.266,3117.295,4336.471,1954.6362274957046
9,Jenu Kurubas,India,1,266.0869872,40.96041106,551.066,1869.92,2991.617,4245.408,1902.0109698345116
9,Krakow,Poland,1,257.0619167,53.25895935,565.369,1839.627,2955.128,3980.443,1870.2185842251642
9,Mbendjele,Republic of Congo,1,262.5175658,40.09640029,538.902,1661.758,2820.902,3789.577,1758.9928618392205
9,Mentawai Islanders,Sumatra,1,186.8746111,15.36227671,533.094,2024.905,2953.454,4066.763,1897.5659576787646
9,Mestizo,Colombia,1,208.5126347,36.46348578,567.718,1711.874,2740.306,3947.525,1800.6615982007631
9,Nyangatom,Ethiopia,1,228.5033813,34.78794681,561.365,1739.673,3145.361,3937.612,1864.8937484472435
9,Rural Southern Poland,Poland,1,259.26064710000003,72.82066596,550.547,1902.107,3033.399,4178.895,1908.7765269755762
9,Sapara & Achuar,Ecuador,1,195.4180829,85.71164547,644.296,1951.296,3000.407,4004.733,1971.4718553027067
9,Toposa,Ethiopia,1,223.114411,53.09940932,562.014,1862.813,2869.787,3936.726,1854.4934837976243
9,Tsimane,Bolivia,1,188.2315517,20.54501475,529.304,1760.907,2997.707,4113.285,1841.216655936507
9,Urban Beijing,China,1,285.4799708,73.70096649,657.612,1636.524,2803.509,4055.19,1870.2571233449787
9,Urban San Diego,USA,1,393.4118557,99.07024698,711.702,1528.219,2632.305,3784.426,1814.2828773253057
9,Urban Toronto,Canada,1,281.3819409,103.3683026,564.44,1916.721,2887.348,3908.717,1869.2935638969236
9,Urban Wellington,New Zealand,1,275.5778629,59.17172253,587.596,1881.941,2996.523,4114.178,1921.5265162064302
9,Vanuatu,Vanuatu,1,218.5013809,44.55249972,598.042,1724.158,2921.13,3866.421,1847.3202596001672
10,Afr-Colombians,Colombia,1,284.0353086,56.86851462,692.898,2073.91,2926.999,4070.884,2034.1952164823058
10,Arawak,Guyana,1,315.3037234,71.94940885,576.559,1807.333,3086.207,4212.043,1918.4476181461046
10,Hadza,Tanzania,1,240.9724675,43.9744586,585.698,1952.588,3149.274,4177.004,1969.4271648234865
10,Jenu Kurubas,India,1,285.4052802,50.75797852,711.429,1934.604,2896.091,3925.999,1988.9392057031828
10,Krakow,Poland,1,282.9318145,75.42879203,716.591,1996.115,3096.193,4195.182,2076.1509893341417
10,Mbendjele,Republic of Congo,1,365.3670857,34.48523916,664.273,1682.379,2888.682,3779.648,1868.9831352390106
10,Mentawai Islanders,Sumatra,1,222.9341509,34.78862324,608.055,1721.312,3007.441,4017.688,1885.7926820844957
10,Mestizo,Colombia,1,218.6567692,61.88507496,646.031,1662.532,2867.865,4023.699,1876.298321655087
10,Nyangatom,Ethiopia,1,241.9242606,46.43281787,611.129,1625.365,2720.79,3845.64,1795.5060027098937
10,Rural Southern Poland,Poland,1,240.1386146,84.48774329,514.451,1927.114,3052,4107.89,1877.6458827909596
10,Sapara & Achuar,Ecuador,1,182.7742489,26.01570685,597.084,1953.484,3004.317,4163.987,1954.4524237141363
10,Toposa,Ethiopia,1,269.11488,47.90049666,586.208,1724.355,2689.377,3770.837,1789.3362772111795
10,Tsimane,Bolivia,1,224.7937037,88.01750352,531.724,1926.447,3071.715,4137.735,1899.5325064482101
10,Turku,Sweden,1,245.4505263,75.19816755,743.476,1866.75,3117.188,4127.241,2055.625444063384
10,Urban Beijing,China,1,284.2089333,66.7110555,634.136,1865.796,2975.86,3889.185,1923.6648795350393
10,Urban Toronto,Canada,1,297.2350862,109.5687285,600.526,1832.175,3045.851,4050.532,1919.4635633921164
10,Urban Wellington,New Zealand,1,298.9728468,112.0092206,582.405,1858.983,2909.158,4000.135,1884.0204722173532
11,Afr-Colombians,Colombia,1,208.89976,52.57470296,599.472,1864.005,3011.666,4145.596,1932.6465670890782
11,Arawak,Guyana,1,254.6835294,57.92315019,697.901,1976.364,3077.078,4059.281,2037.3333484770353
11,Jenu Kurubas,India,1,328.1975652,66.13844067,850.561,1908.629,2769.117,4065.248,2067.5871939838553
11,Krakow,Poland,1,229.09,58.10927666,721.713,1968.088,3125.811,4150.298,2071.871228092939
11,Mbendjele,Republic of Congo,1,249.4333108,31.39957676,506.6,1555.876,2762.428,3819.492,1698.1818106580156
11,Mestizo,Colombia,1,276.5019828,71.95040437,680.666,1734.521,2903.619,4001.648,1924.5226791847617
11,Nyangatom,Ethiopia,1,251.5772851,69.3000033,692.868,1676.04,2922.799,4040.468,1924.3823996482636
11,Rural Southern Poland,Poland,1,221.3181936,52.51601575,538.215,1931.309,3079.737,4122.191,1905.9536094237515
11,Sapara & Achuar,Ecuador,1,187.7924294,16.54374289,746.871,2214.847,3264.809,4294.341,2194.5016336580507
11,Toposa,Ethiopia,1,305.2160504,32.14518618,562.823,1781.09,2972.172,3903.975,1846.7566311172181
11,Turku,Finland,1,241.107375,68.35567563,720.365,2035.236,3122.975,4064.627,2077.0126724116285
11,Urban Beijing,China,1,211.4620574,45.03012185,668.112,1863.374,3153.821,4056.656,1997.7384637969124
11,Urban San Diego,USA,1,303.6326241,85.5510951,604.708,1850.557,2939.57,4045.874,1910.0119533302568
11,Urban Toronto,Canada,1,354.8722599,70.45404203,674.842,2017.298,3030.886,4163.15,2035.8274019487712
12,Afr-Colombians,Colombia,1,298.7310909,42.45453872,674.534,2020.376,2747.052,3906.374,1955.55118081288
12,Arawak,Guyana,1,274.9970408,63.30820909,591.952,1964.12,3029.903,4175.291,1958.3598474991281
12,Jenu Kurubas,India,1,322.5862193,116.2778734,766.788,1727.64,2835.626,3941.491,1961.5957497726731
12,Mbendjele,Republic of Congo,1,291.7678613,54.28138627,509.399,1726.393,3022.169,4036.135,1809.7581714668584
12,Nyangatom,Ethiopia,1,261.2159487,45.16805159,621.505,1680.314,2899.495,3936.25,1858.061256234361
12,Quechua,Peru,1,212.4315217,21.54796407,476.844,1878.45,2943.746,3795.634,1778.6486053295737
12,Rural Southern Poland,Poland,1,293.5729603,61.88160375,572.877,1837.522,3031.495,4056.198,1896.7822818820605
12,Sapara & Achuar,Ecuador,1,220.7286179,74.91119137,620.107,1700.106,2932.166,4055.862,1881.7138840356927
12,Toposa,Ethiopia,1,249.3508491,39.45277559,581.147,1939.848,2941.93,3823.307,1887.0408517916917
12,Tsimane,Bolivia,1,166.0344727,32.47079693,557.845,1914.446,3093.698,4191.57,1929.091495417948
12,Turku,Sweden,1,231.3173307,58.92498404,610.466,1909.626,2869.172,3964.971,1908.3217482142509
12,Urban San Diego,USA,1,205.5759036,45.28618378,597.306,1955.588,2956.339,4142.882,1944.8349895692356
12,Urban Toronto,Canada,1,295.1779325,85.41154731,642.486,1798.358,3014.306,3774.205,1904.0930194788496
12,Urban Wellington,New Zealand,1,267.7500493,104.9843335,605.806,1882.189,2999.949,4012.271,1924.7540092667646
12,Vanuatu,Vanuatu,1,177.807893,45.98789994,583.381,1853.609,3071.593,4081.294,1918.8144926055568
13,Afr-Colombians,Colombia,1,207.9823404,39.47904735,572.629,1741.291,2772.76,3893.772,1811.3687583831556
13,Jenu Kurubas,India,1,334.9792308,96.13015257,591.969,1815.156,3011.991,4012.916,1898.3735082618887
13,Mbendjele,Republic of Congo,1,300.1604741,70.67558098,644.693,1754.733,3064.854,4143.451,1946.8567584919706
13,Mentawai Islanders,Sumatra,1,209.1467391,44.76544777,708.682,1968.987,2703.471,3741.678,1938.2982075814566
13,Nyangatom,Ethiopia,1,251.4764516,38.55697284,633.972,1827.028,2974.316,3996.503,1926.2853990788728
13,Quechua,Peru,1,NA,NA,672.272,2143.529,3296.767,4322.544,2128.754190935737
13,Rural Southern Poland,Poland,1,280.36419,85.22616309,520.952,1711.049,2863.885,4026.38,1790.5342090910628
13,Sapara & Achuar,Ecuador,1,157.9660269,31.69361141,569.971,1989.556,3002.901,4182.847,1942.698837279631
13,Toposa,Ethiopia,1,250.0398397,98.11937101,650.18,1909.96,2985.471,4155.581,1981.1876940885825
13,Urban Beijing,China,1,236.3881618,44.72456798,647.163,1726.007,3024.094,4013.732,1918.8895264801533
13,Urban San Diego,USA,1,327.1133333,111.5637687,738.241,1974.116,3012.057,4115.427,2061.637141028201
13,Urban Toronto,Canada,1,332.6275862,112.3433308,796.199,1943.319,3151.437,4161.662,2122.4393545867524
13,Urban Wellington,New Zealand,1,325.4112136,93.92051053,776.873,1989.828,3113.013,3906.899,2082.306577874165
13,Vanuatu,Vanuatu,1,213.7368605,24.43001367,646.711,1740.835,3055.1,3778.274,1898.6577415659253
14,Jenu Kurubas,India,1,287.6198824,38.84519565,566.536,1824.026,2834.948,3916.415,1840.4460224033478
14,Nyangatom,Ethiopia,1,249.3893981,47.5364173,609.999,1714.814,2958.852,3874.375,1860.8773933885618
14,Quechua,Peru,1,285.3571154,166.028585,619.543,2080.881,3092.397,4364.556,2042.389189958456
14,Sapara & Achuar,Ecuador,1,193.3435507,21.26770558,501.567,2030.368,3096.623,4344.494,1923.901410152752
14,Toposa,Ethiopia,1,227.9257093,53.4003888,660.14,1930.381,2896.268,4004.882,1960.7710603658256
14,Turku,Sweden,1,225.4409827,64.06846298,499.036,1858.244,2967.687,4072.886,1829.7372983006392
14,Urban Beijing,China,1,285.8855729,44.31213568,588.903,1552.983,2846.907,3863.364,1780.891021205195
14,Urban San Diego,USA,1,308.653545,113.9598972,775.13,1855.426,2972.909,4035.515,2038.0962569360865
14,Urban Toronto,Canada,1,323.7689427,107.5364737,621.829,1848.631,2776.315,3842.781,1871.3666884975034
14,Urban Wellington,New Zealand,1,267.8156481,91.44384828,666.184,2003.122,3002.791,4059.374,2008.2669561777166
14,Vanuatu,Vanuatu,1,299.0340832,51.01695216,580.256,1658.001,2940.781,4097.815,1845.2485167992572
15,Jenu Kurubas,India,1,245.3746063,36.16735165,675.616,1966.03,3094.784,3884.813,1999.0452827600761
15,Mbendjele,Republic of Congo,1,241.6163221,34.75564137,472.531,1730.738,2815.19,4100.22,1752.8474708010258
15,Sapara & Achuar,Ecuador,1,189.647936,70.9201726,617.254,1980.973,3145.187,4251.5,2010.8643798414
15,Toposa,Ethiopia,1,328.128543,68.51152365,681.005,1961.6,3061.613,3972.69,2007.7005176397254
15,Turku,Finland,1,274.0213333,80.14102302,713.574,2064.284,3038.196,4090.239,2068.441460103737
15,Urban Beijing,China,1,360.9222838,120.80594,594.144,1407.181,2835.752,3894.55,1743.178265334665
15,Urban San Diego,USA,1,165.8103333,37.08982597,574.113,1843.752,2922.523,4016.885,1877.5296554619315
15,Urban Toronto,Canada,1,220.6106767,105.4866157,753.158,2144.479,3054.324,4161.697,2128.6211027393433
15,Urban Wellington,New Zealand,1,240.3638511,77.02043664,654.353,1769.051,2789.494,3927.157,1887.074459223537
16,Jenu Kurubas,India,1,316.7393583,25.40203934,740.527,1598.955,3027.645,4116.916,1960.033635251748
16,Turku,Sweden,1,261.5324324,80.55804623,610.41,1752.317,2919.72,4063.639,1887.437848513453
16,Urban Beijing,China,1,193.4601128,72.47592747,615.437,1714.647,2862.654,3869.193,1848.9999303058398
16,Urban San Diego,USA,1,378.2715686,29.888336549999998,610.596,1889.875,3068.702,4068.706,1948.271668747168
16,Urban Toronto,Canada,1,165.3711111,72.97119903,731.026,1993.439,3116.589,4131.267,2081.251878802247
16,Urban Wellington,New Zealand,1,326.8047521,69.49038095,685.747,1932.493,3006.538,4084.497,2008.4997459356266
16,Vanuatu,Vanuatu,1,252.1519322,40.07020996,578.998,1695.938,2858.441,4032.381,1834.1905720279278
17,Jenu Kurubas,India,1,294.3420925,51.03952325,644.144,1784.145,2925.556,4041.631,1919.9704614105724
17,Turku,Finland,1,263.1152439,104.5777094,631.711,1775.213,2968.149,4072.895,1918.843058478185
17,Urban Beijing,China,1,274.8120879,75.85928945,562.891,1969.491,3133.967,4166.213,1950.5341060186227
17,Urban San Diego,USA,1,349.3783379,90.59709555,599.067,1845.325,2989.038,4115.304,1920.3058513255808
17,Urban Toronto,Canada,1,305.9795041,105.9025035,576.026,1822.792,3047.124,4043.804,1896.5524439774028
17,Urban Wellington,New Zealand,1,282.1872897,70.00476904,802.796,2064.937,3099.154,4118.614,2144.7494428867635
17,Vanuatu,Vanuatu,1,215.4733209,32.40512966,582.032,1755.025,2938.009,3941.69,1854.5623523544014
18,Jenu Kurubas,India,1,277.0492434,47.63399586,731.322,1735.071,2991.314,3959.38,1968.9231688942657
18,Quechua,Peru,1,227.8363855,41.21446504,666.188,1928.046,2985.951,4075.999,1988.4182272338667
18,Turku,Sweden,1,259.2311736,53.73290932,483.115,1816.452,2908.024,4060.074,1794.1204476821497
18,Urban Beijing,China,1,230.6961702,27.47432481,737.271,1803.295,3039.514,3983.923,2003.0982592148043
18,Urban San Diego,USA,1,293.5443455,83.97503961,595.238,1855.242,3049.431,4090.115,1926.4661684897585
18,Urban Toronto,Canada,1,271.0375,77.53795694,565.169,1963.408,2976.748,4029.872,1910.097573039025
18,Urban Wellington,New Zealand,1,267.9876897,95.7736932,460.752,1945.301,2929.23,3907.807,1789.7202612930505
19,Jenu Kurubas,India,1,252.7594488,56.96927474,631.505,1860.129,2873.717,4026.134,1920.0521289616859
19,Turku,Finland,1,246.7735714,77.61140507,584.624,1675.528,2984.218,4057.791,1855.8254984721448
19,Urban Beijing,China,1,212.155618,44.42086876,653.813,1748.366,3010.521,3818.258,1903.9178641672233
19,Urban San Diego,USA,1,279.6993386,89.19884334,633.057,1984.274,3000.685,4121.916,1985.367921016782
19,Urban Toronto,Canada,1,338.6352722,75.91663141,591.338,2020.519,3047.477,4067.215,1961.7066915037976
19,Vanuatu,Vanuatu,1,261.7024303,43.53326674,621.624,1854.17,2942.942,3993.223,1918.4286324807656
20,Jenu Kurubas,India,1,242.6573265,67.17030596,664.388,1881.437,3006.548,4126.003,1984.3911677023184
20,Turku,Sweden,1,204.9134624,49.0585958,458.467,1958.805,2929.503,4169.922,1819.9325429661383
20,Urban Beijing,China,1,245.3042492,54.80674183,569.562,1720.296,2994.351,4058.201,1857.56967128872
20,Urban San Diego,USA,1,300.397831,68.48026041,548.11,1975.034,2975.681,4052.618,1900.8204065266318
20,Urban Toronto,Canada,1,329.6302975,113.879784,647.594,1826.829,2873.475,4008.809,1921.3473040414217
20,Urban Wellington,New Zealand,1,188.8504895,72.86813497,634.393,1822.024,3011.09,4059.565,1938.7817718920924
20,Vanuatu,Vanuatu,1,272.1282927,67.59754541,734.738,1723.687,3014.544,4099.51,1989.0061287037581
21,Urban San Diego,USA,1,316.8984956,64.01975612,747.227,1878.737,3109.434,4191.003,2068.1377638846684
21,Urban Toronto,Canada,1,225.5623611,76.62655208,760.38,2041.361,3186.104,4229.361,2138.559316639721
21,Urban Wellington,New Zealand,1,319.0449206,79.31511872,503.991,1912.099,2987.225,4021.736,1844.6061928225859
22,Urban San Diego,USA,1,263.571044,50.86194694,700.754,1826.534,2980.956,4097.164,1988.4197357993626
22,Urban Toronto,Canada,1,220.2783696,76.2032009,472.017,1877.165,2999.454,4060.248,1812.440315125471
22,Urban Wellington,New Zealand,1,271.0279012,67.00648331,556.204,1928.297,2902.899,4012.534,1880.0295311932784
22,Vanuatu,Vanuatu,1,285.6692638,40.91744535,699.933,1868.853,2949.962,4131.589,1998.2107290016113
23,Urban San Diego,USA,1,296.1654447,94.29515086,680.026,2101.445,3039.666,4213.318,2068.3470562019393
23,Urban Toronto,Canada,1,298.9658859,75.62264379,662.871,1642.216,2932.185,3869.865,1874.720896710218
23,Urban Wellington,New Zealand,1,323.2948276,109.2341312,769.194,1920.825,2907.755,4030.802,2039.943979103963
24,Urban San Diego,USA,1,339.2920339,88.94040262,664.661,1987.58,2872.431,3846.48,1954.607111733419
24,Urban Toronto,Canada,1,240.0445246,70.96784679,605.825,1799.896,2874.145,3801.844,1857.9088029105446
24,Urban Wellington,New Zealand,1,263.794236,84.29642905,576.457,1849.758,2996.931,3999.492,1890.7793563536948
25,Urban Beijing,China,1,250.1625904,67.57606529,706.037,1609.526,2790.029,3788.448,1861.6536080328412
25,Urban San Diego,USA,1,271.7960909,86.34754941,596.76,1915.487,2910.82,3988.241,1908.6175572550808
25,Urban Toronto,Canada,1,231.5659898,81.08286408,525.47,1985.982,3017.264,4099.906,1895.5166835862642
25,Urban Wellington,New Zealand,1,327.7605747,103.0619264,541.519,1841.562,2859.614,3990.413,1836.6708203492858
26,Urban Beijing,China,1,243.3138356,48.3613196,713.292,1907.6,3075.957,4150.83,2041.585010692852
26,Urban San Diego,USA,1,303.5937186,94.91599764,695.631,1946.368,3052.722,4120.98,2031.5284641012342
26,Urban Toronto,Canada,1,303.0969679,85.47017689,558.775,1895.519,3011.803,4072.647,1898.528451579701
26,Urban Wellington,New Zealand,1,343.9714058,100.6750296,599.764,1816.064,2937.748,3995.042,1890.8708124330308
27,Urban Beijing,China,1,247.7626718,49.2630138,728.626,1611.92,2886.298,3930.006,1910.493799479777
27,Urban San Diego,USA,1,248.9126203,69.72699167,542.62,2118.296,2930.548,4182.352,1937.3717645202905
27,Urban Toronto,Canada,1,363.089422,124.5774231,655.802,1897.466,3045.64,4131.927,1989.273452231292
27,Urban Wellington,New Zealand,1,326.7703111,117.5735687,638.858,1888.011,2938.18,4090.613,1951.2769419156823
28,Urban Beijing,China,1,195.1719118,22.75587223,802.154,1723.606,2935.871,4067.602,2015.7784268063888
28,Urban San Diego,USA,1,264.9476208,95.06434218,632.922,1851.322,2934.513,3965.146,1921.5728045542596
28,Urban Toronto,Canada,1,307.8333257,108.5565655,623.493,1867.297,2904.383,3984.217,1915.845410427825
28,Urban Wellington,New Zealand,1,235.3682,64.01546237,647.697,1850.044,2932.724,4015.738,1938.1957039468818
29,Urban Beijing,China,1,198.6506931,16.62189973,594.218,1646.067,2854.074,3843.451,1809.8599610304498
29,Urban Toronto,Canada,1,252.5508805,86.91236813,604.309,1787.272,2796.641,3940.093,1857.369145300214
29,Urban Wellington,New Zealand,1,375.1845852,108.4660213,624.323,1633.231,2866.544,3967.005,1845.3110286530512
30,Urban Beijing,China,1,268.6974658,46.50292591,620.158,1738.147,2991.644,3940.981,1888.1034103934398
30,Urban Toronto,Canada,1,309.0745367,95.88317915,650.088,1871.124,3044.025,4096.066,1973.4333799204908
30,Urban Wellington,New Zealand,1,340.773843,93.79120102,621.969,1909.15,3039.773,4081.473,1959.145622051854
31,Urban Toronto,Canada,1,263.1577528,109.7038363,583.585,1880.223,3016.59,4083.979,1917.4688491326285
31,Urban Wellington,New Zealand,1,289.8850928,81.65826069,563.62,1914.536,3022.329,4103.232,1912.6232729172016
32,Urban Toronto,Canada,1,338.3739224,147.3484635,586.816,1821.73,2828.913,3983.34,1863.001615361054
32,Urban Wellington,New Zealand,1,277.338894,155.6646557,726.617,1754.894,2902.624,3964.544,1957.199593544408
33,Urban Toronto,Canada,1,342.4186628,104.9968213,505.104,1854.559,2989.29,4095.382,1840.2252360433497
33,Urban Wellington,New Zealand,1,261.54409450000003,56.96524881,597.877,1883.245,2978.548,4107.543,1926.5325357644315
34,Urban Toronto,Canada,1,282.9647732,103.2088021,558.673,1891.677,3038.452,4089.906,1903.67406486735
34,Urban Wellington,New Zealand,1,301.9760294,79.21156477,655.165,1918.736,2868.077,3859.504,1931.3992289848547
35,Urban Toronto,Canada,1,234.742,82.43210284,633.248,2090.378,3082.289,4148.935,2028.3932658651343
35,Urban Wellington,New Zealand,1,310.6807125,109.6191274,677.472,1894.853,2998.831,4119.451,1995.558904817087
36,Urban Toronto,Canada,1,215.3057426,87.62828851,703.514,1897.712,3136.67,4194.364,2047.1963515933624
36,Urban Wellington,New Zealand,1,333.7461212,107.8307354,656.766,1824.286,2931.608,3939.37,1928.6750601163308
37,Urban Toronto,Canada,1,261.3612315,79.72565523,506.736,2105.64,3063.81,4171.746,1921.703548788979
38,Urban Toronto,Canada,1,278.420625,90.80122004,571.189,1903.818,2956.191,4077.303,1902.7322763604427
38,Urban Wellington,New Zealand,1,393.2818842,97.50944901,674.51,1717.544,2999.325,3983.46,1928.8349337535026
39,Urban Toronto,Canada,1,309.3126039,96.87967924,541.58,2018.301,3075.913,4089.89,1925.6775047171243
39,Urban Wellington,New Zealand,1,317.216,89.34455169,615.63,1788.155,2994.531,4062.159,1912.945808151448
40,Urban Toronto,Canada,1,252.7111462,67.73798617,538.526,1964.588,2966.286,4043.118,1887.347631100588
40,Urban Wellington,New Zealand,1,287.9539259,69.5312416,667.672,1666.289,2919.562,4021.498,1901.0991279144223
41,Urban Toronto,Canada,1,270.6949138,93.95273408,675.203,1998.016,3039.737,4074.799,2021.8264855055093
41,Urban Wellington,New Zealand,1,317.7142404,98.56907939,589.611,1797.47,2758.597,3897.823,1837.3182985846515
42,Urban Toronto,Canada,1,310.2769231,121.1938325,638.392,1785.715,2952.054,4004.062,1915.9367528814787
42,Urban Wellington,New Zealand,1,231.0464341,33.69977466,601.353,1918.68,2814.058,4135.139,1914.2065451967119
43,Urban Toronto,Canada,1,277.536745,57.56319313,526.194,2057.315,2965.532,4004.96,1893.5940071038685
44,Urban Toronto,Canada,1,329.3132028,96.11984958,651.897,1909.008,3073.113,4090.034,1988.717267965661
45,Urban Toronto,Canada,1,314.7116667,111.529343,599.467,1898.718,2975.785,4071.793,1927.0955452859812
45,Urban Wellington,New Zealand,1,240.3390734,57.51851419,812.024,2121.759,3032.977,4084.417,2149.3939771902533
46,Urban Toronto,Canada,1,245.8539474,46.41231368,614.304,1956.427,3037.323,4009.878,1955.9929373458765
46,Urban Wellington,New Zealand,1,354.3195754,138.9291779,686.716,1804.289,2926.676,3948.737,1945.2661551286847
47,Urban Toronto,Canada,1,248.9799248,86.03602118,706.522,1991.368,3185.876,4139.082,2075.403420075243
47,Urban Wellington,New Zealand,1,329.7430474,121.0158331,691.68,1779.702,2916.009,3949.443,1940.4135749949533
48,Urban Toronto,Canada,1,292.6742442,105.1963909,613.95,1627.619,2979.927,3948.084,1851.6949451430085
48,Urban Wellington,New Zealand,1,309.1156452,105.6769754,579.49,1974.005,3082.641,3982.066,1935.7817878813805
49,Urban Toronto,Canada,1,351.2261009,72.51975548,664.894,1884.777,3049.694,4079.063,1987.0430044125692
49,Urban Wellington,New Zealand,1,266.6894479,82.29550669,686.918,1902.689,3018.366,4066.521,2001.3217071589384
50,Urban Toronto,Canada,1,208.4662832,54.07081793,602.849,1949.257,2968.582,4096.587,1944.2952711676185
50,Urban Wellington,New Zealand,1,253.7440275,111.9717724,616.086,1876.625,2868.452,3918.838,1898.6981785781843
52,Urban Wellington,New Zealand,1,209.0520047,68.70521639,613.993,1775.073,3035.858,4122.839,1921.8273377725552
53,Urban Wellington,New Zealand,1,257.8272755,91.12580966,758.736,2022.725,3085.79,4119.506,2101.6469408702255
54,Urban Wellington,New Zealand,1,321.1377174,114.5173979,639.733,1904.44,2968.552,4065.795,1958.231564898914
55,Urban Wellington,New Zealand,1,254.0656757,95.7610719,497.653,1834.552,2968.294,4051.165,1820.2702649296214
56,Urban Wellington,New Zealand,1,381.4118824,93.0330451,709.786,1742.137,2842.374,3875.166,1921.0794069821115
57,Urban Wellington,New Zealand,1,243.97316,69.37171573,604.606,1787.516,2712.203,3839.947,1831.6498434721375
