filename,f0_mean,f0_sd,f1_mean,f2_mean,f3_mean,f4_mean
ACO01B,229.420,42.245,715.377,1569.503,2594.823,3946.798
ACO02B,213.191,91.706,558.579,1677.681,2677.846,3768.737
ACO03B,172.830,28.342,693.917,1586.630,2819.901,3858.888
ACO04B,188.796,47.115,568.605,1882.393,2734.850,3925.026
ACO05B,213.023,37.677,629.118,1863.171,2718.564,3806.273
ACO08B,205.270,51.455,545.477,1756.161,2619.346,3871.410
ACO09B,229.186,25.138,605.252,1725.773,2892.030,3935.057
ACO10B,284.399,56.369,692.898,2073.910,2926.999,4070.884
ACO11B,209.804,53.711,599.472,1864.005,3011.666,4145.596
ACO12B,297.889,44.020,674.534,2020.376,2747.052,3906.374
ACO13B,206.851,41.551,572.629,1741.291,2772.760,3893.772
ACO14B,205.504,52.221,725.672,1973.355,2991.388,3835.319
ARA01B,175.947,29.422,599.589,1911.482,2968.183,4132.458
ARA02B,217.966,34.301,676.211,1654.320,2848.271,3648.913
ARA03B,213.092,38.180,679.625,1642.248,3002.824,3979.159
ARA04B,274.382,83.031,582.230,1851.788,2894.637,3875.289
ARA05B,229.873,68.104,623.564,1603.638,3139.440,3995.384
ARA06B,273.998,23.027,743.314,2068.872,3163.882,3986.592
ARA07B,260.931,72.698,631.296,1973.969,3187.251,4180.600
ARA08B,134.893,19.091,437.414,1789.414,2825.618,3762.269
ARA09B,235.633,97.079,586.850,1675.523,2807.627,3871.289
ARA10B,312.306,68.398,576.559,1807.333,3086.207,4212.043
ARA11B,256.687,61.378,697.901,1976.364,3077.078,4059.281
ARA12B,274.940,63.898,591.952,1964.120,3029.903,4175.291
BEJ01B,198.745,44.004,608.348,1874.308,2991.900,4083.736
BEJ02B,191.328,34.150,628.571,2174.129,3026.721,4352.958
BEJ03B,251.858,75.639,758.622,1791.219,3096.776,4160.200
BEJ04B,226.949,40.848,598.014,1606.954,3064.586,4003.637
BEJ05B,162.714,17.815,552.815,1593.238,3031.982,3866.562
BEJ06B,211.917,58.608,519.277,1741.584,2953.259,3986.250
BEJ07B,218.263,32.919,695.584,1942.364,3031.535,4135.520
BEJ08B,289.143,67.032,592.753,2109.847,3227.698,4396.397
BEJ09B,285.057,73.443,657.612,1636.524,2803.509,4055.190
BEJ10B,284.857,67.465,634.136,1865.796,2975.860,3889.185
BEJ11B,211.120,45.009,668.112,1863.374,3153.821,4056.656
BEJ12B,120.205,25.851,656.112,1643.359,2724.025,3736.837
BEJ13B,236.124,45.444,647.163,1726.007,3024.094,4013.732
BEJ14B,285.902,44.188,588.903,1552.983,2846.907,3863.364
BEJ15B,362.080,120.558,594.144,1407.181,2835.752,3894.550
BEJ16B,192.321,72.954,615.437,1714.647,2862.654,3869.193
BEJ17B,271.727,73.806,562.891,1969.491,3133.967,4166.213
BEJ18B,231.037,26.586,737.271,1803.295,3039.514,3983.923
BEJ19B,212.613,44.144,653.813,1748.366,3010.521,3818.258
BEJ20B,244.538,56.684,569.562,1720.296,2994.351,4058.201
BEJ21B,157.231,24.396,508.249,1479.655,2704.326,3820.033
BEJ22B,116.049,37.270,588.857,1492.908,2911.481,3862.217
BEJ23B,123.623,36.733,696.575,1519.988,2674.354,3589.073
BEJ24B,130.700,48.053,602.343,1454.690,2793.335,3846.251
BEJ25B,251.291,67.581,706.037,1609.526,2790.029,3788.448
BEJ26B,242.870,48.694,713.292,1907.600,3075.957,4150.830
BEJ27B,247.644,50.319,728.626,1611.920,2886.298,3930.006
BEJ28B,194.715,23.286,802.154,1723.606,2935.871,4067.602
BEJ29B,198.351,16.400,594.218,1646.067,2854.074,3843.451
BEJ30B,268.728,46.347,620.158,1738.147,2991.644,3940.981
BEJ31B,152.720,21.625,746.037,1939.658,3093.620,4198.422
HAD01B,187.987,84.940,568.012,1744.656,2924.102,4252.752
HAD02B,236.564,30.901,546.961,1820.570,3096.136,4244.791
HAD03B,132.367,18.680,511.130,1743.674,2829.144,4137.544
HAD04B,148.235,42.524,486.512,1750.466,2718.589,4012.107
HAD05B,229.282,51.232,564.249,2039.116,3224.822,4252.876
HAD06B,236.798,53.102,617.911,1848.597,3163.411,4220.898
HAD07B,261.454,77.389,541.903,2008.335,3164.219,4204.174
HAD08B,155.069,33.975,468.051,1714.348,2825.398,4096.745
HAD09B,206.821,37.130,602.486,1792.266,3117.295,4336.471
HAD10B,242.017,43.384,585.698,1952.588,3149.274,4177.004
JEN01B,295.155,75.303,569.691,1686.557,2781.343,4034.268
JEN02B,254.989,70.457,631.041,1820.625,2856.343,4156.562
JEN03B,261.057,104.678,557.569,1932.041,3129.768,4389.686
JEN04B,249.492,82.095,637.503,1683.298,2870.447,4092.056
JEN05B,285.538,23.404,480.415,1942.236,2944.044,4085.023
JEN06B,267.353,33.566,502.888,1989.950,3097.862,4224.928
JEN07B,273.777,53.408,583.446,1741.286,3072.123,4103.240
JEN08B,401.721,109.490,779.090,1959.561,2790.158,3839.626
JEN09B,267.689,40.473,551.066,1869.920,2991.617,4245.408
JEN10B,285.819,50.256,711.429,1934.604,2896.091,3925.999
JEN11B,329.714,66.142,850.561,1908.629,2769.117,4065.248
JEN12B,321.934,116.396,766.788,1727.640,2835.626,3941.491
JEN13B,335.423,92.555,591.969,1815.156,3011.991,4012.916
JEN14B,286.620,41.217,566.536,1824.026,2834.948,3916.415
JEN15B,246.216,35.856,675.616,1966.030,3094.784,3884.813
JEN16B,316.784,25.441,740.527,1598.955,3027.645,4116.916
JEN17B,292.619,54.773,644.144,1784.145,2925.556,4041.631
JEN18B,278.047,45.497,731.322,1735.071,2991.314,3959.380
JEN19B,252.413,57.087,631.505,1860.129,2873.717,4026.134
JEN20B,240.862,61.842,664.388,1881.437,3006.548,4126.003
KRA01B,261.827,55.768,567.832,1703.206,3163.215,4099.622
KRA02B,223.839,75.258,602.252,1823.890,2854.405,4094.843
KRA03B,271.855,101.832,665.437,1945.733,3024.037,4095.149
KRA04B,258.269,83.404,787.444,1909.995,3019.391,4104.098
KRA05B,263.486,45.623,587.584,1760.035,2974.948,4112.481
KRA06B,249.432,45.887,632.749,1776.752,2974.278,4113.126
KRA07B,271.259,83.085,594.262,1936.811,3025.401,4079.010
KRA08B,235.285,42.858,637.693,1861.037,2963.572,4066.244
KRA09B,257.264,53.833,565.369,1839.627,2955.128,3980.443
KRA10B,282.916,72.754,716.591,1996.115,3096.193,4195.182
KRA11B,228.315,55.865,721.713,1968.088,3125.811,4150.298
LIM01B,254.961,45.551,437.468,1783.372,3058.976,4021.589
LIM02B,294.505,76.064,572.808,1878.095,3059.320,4125.873
LIM03B,281.559,75.144,524.836,1795.872,2978.864,4114.270
LIM04B,242.360,56.496,514.014,1727.778,2937.360,3973.835
LIM05B,359.797,104.436,526.274,1746.064,2857.055,3980.315
LIM06B,291.767,81.488,602.456,1593.541,2716.315,3826.743
LIM07B,297.386,75.235,557.102,1806.505,2941.097,4022.934
LIM08B,277.622,72.070,690.127,2000.674,3068.955,4107.407
LIM09B,260.296,73.459,550.547,1902.107,3033.399,4178.895
LIM10B,241.784,83.801,514.451,1927.114,3052.000,4107.890
LIM11B,220.521,50.171,538.215,1931.309,3079.737,4122.191
LIM12B,293.529,60.141,572.877,1837.522,3031.495,4056.198
LIM13B,277.156,82.879,520.952,1711.049,2863.885,4026.380
LIM14B,125.829,40.682,534.613,1772.007,2958.519,3869.463
MBE01B,352.583,49.406,665.216,1690.629,2922.247,3942.082
MBE02B,407.460,60.768,706.525,1734.157,2869.995,4018.207
MBE03B,359.003,65.175,705.100,1801.785,3040.803,3932.308
MBE04B,160.579,63.069,543.286,1650.910,2898.832,3944.185
MBE05B,297.454,60.465,638.982,1749.264,2932.962,4231.001
MBE06B,290.115,50.464,554.758,1898.530,3105.672,4412.934
MBE07B,253.804,42.054,553.299,1829.786,2758.477,4020.206
MBE08B,241.155,65.347,561.303,1854.320,2762.220,3972.600
MBE09B,262.009,40.419,538.902,1661.758,2820.902,3789.577
MBE10B,364.894,34.610,664.273,1682.379,2888.682,3779.648
MBE11B,249.454,31.273,506.600,1555.876,2762.428,3819.492
MBE12B,292.448,53.347,509.399,1726.393,3022.169,4036.135
MBE13B,300.360,70.238,644.693,1754.733,3064.854,4143.451
MBE14B,186.028,32.557,474.422,1592.591,2595.996,3976.441
MBE15B,241.425,34.145,472.531,1730.738,2815.190,4100.220
MEN01B,180.149,89.940,633.285,1697.153,2791.459,3806.939
MEN02B,216.780,43.130,702.456,1863.946,2955.411,4104.116
MEN03B,286.066,103.589,760.438,1762.514,2915.206,4034.276
MEN04B,223.528,25.352,655.163,1897.129,3034.024,3958.238
MEN05B,145.439,66.829,625.251,1741.769,2816.488,3955.960
MEN06B,211.307,34.893,653.146,1900.255,3171.853,4231.214
MEN07B,168.419,79.171,611.186,1759.804,2729.911,3900.621
MEN08B,179.443,31.342,628.778,1704.675,3045.173,4166.038
MEN09B,188.131,13.325,533.094,2024.905,2953.454,4066.763
MEN10B,223.721,40.585,608.055,1721.312,3007.441,4017.688
MEN11B,161.428,60.008,610.781,1665.167,2938.175,3943.089
MEN12B,146.306,19.139,777.910,1814.815,2642.663,3695.058
MEN13B,208.872,42.604,708.682,1968.987,2703.471,3741.678
MEN14B,113.596,9.988,688.436,1909.648,3002.323,4066.067
MEN15B,208.141,73.137,642.217,1705.623,3000.460,4079.722
MES01B,280.406,30.784,803.681,1763.225,2819.756,3835.758
MES02B,286.178,46.872,564.087,1841.912,2787.778,4134.252
MES03B,361.248,37.247,693.358,1779.536,2949.204,3773.726
MES04B,167.655,26.615,477.315,1816.475,2867.143,3927.933
MES05B,205.569,30.916,613.996,1857.871,2982.044,3862.443
MES06B,222.704,37.190,636.867,1678.115,2775.226,3806.472
MES07B,237.956,29.549,565.782,1773.279,2882.213,3852.681
MES08B,251.637,90.120,731.555,1967.301,2904.853,3976.954
MES09B,209.102,38.061,567.718,1711.874,2740.306,3947.525
MES10B,218.430,60.778,646.031,1662.532,2867.865,4023.699
MES11B,272.974,73.433,680.666,1734.521,2903.619,4001.648
NYA01B,258.652,31.356,662.652,1662.008,2754.599,3820.481
NYA02B,256.124,27.190,535.011,1895.019,2927.362,3885.737
NYA03B,295.397,47.204,614.929,1690.070,2665.393,3714.776
NYA04B,240.895,45.963,555.915,1711.154,2904.307,3946.229
NYA05B,238.673,57.119,755.317,1656.716,2831.409,3925.549
NYA06B,250.207,50.729,575.150,1733.385,2771.384,3990.123
NYA07B,177.435,56.436,485.642,1743.693,2944.924,3929.355
NYA08B,274.945,32.857,656.716,1750.428,2834.572,3945.770
NYA09B,225.890,37.490,561.365,1739.673,3145.361,3937.612
NYA10B,243.838,42.570,611.129,1625.365,2720.790,3845.640
NYA11B,256.662,65.816,692.868,1676.040,2922.799,4040.468
NYA12B,262.322,56.987,621.505,1680.314,2899.495,3936.250
NYA13B,244.400,44.436,633.972,1827.028,2974.316,3996.503
NYA14B,249.251,47.321,609.999,1714.814,2958.852,3874.375
PNG01B,258.419,37.789,641.941,1335.817,2639.559,3434.117
PNG02B,290.598,86.971,617.403,1526.862,2699.424,3671.134
PNG03B,304.669,106.448,730.143,1584.271,2608.778,3763.279
PNG04B,275.896,38.512,557.460,1351.952,2524.892,3672.912
PNG05B,322.387,78.343,702.634,1874.198,2745.264,3863.558
PNG06B,174.049,48.831,603.769,1703.563,2619.330,3828.461
QUE01B,241.564,144.858,661.834,1704.847,3234.654,4231.141
QUE02B,154.685,14.096,597.998,2073.830,3207.356,4220.644
QUE03B,172.034,74.642,680.275,1740.785,3120.686,4075.161
QUE05B,220.814,28.040,536.606,1931.656,2934.614,4070.440
QUE07B,210.753,32.486,444.335,1642.863,3010.772,3983.622
QUE08B,162.117,48.751,544.126,2067.314,3004.815,4280.311
QUE09B,109.777,7.285,526.826,1916.170,2960.408,4115.401
QUE10B,173.430,84.584,519.233,1762.848,2811.735,3881.225
QUE11B,189.116,25.160,380.030,1660.902,2995.732,3980.390
QUE12B,212.720,21.380,476.844,1878.450,2943.746,3795.634
QUE13B,0,0,672.272,2143.529,3296.767,4322.544
QUE14B,281.508,163.718,619.543,2080.881,3092.397,4364.556
QUE16B,171.166,129.054,806.463,1989.453,3118.971,4149.486
QUE18B,226.176,30.363,666.188,1928.046,2985.951,4075.999
SPA01B,205.458,22.107,603.564,2072.210,3076.562,4261.784
SPA02B,158.165,42.486,477.965,1873.679,2949.837,4038.218
SPA03B,238.111,56.466,583.341,1812.756,3020.130,4168.840
SPA04B,204.505,27.414,556.142,1735.625,2986.122,3867.937
SPA05B,169.808,39.313,574.325,1756.281,3160.224,4033.446
SPA06B,177.521,28.388,612.217,1832.127,2859.948,3890.231
SPA07B,223.575,30.911,502.631,1896.989,3210.329,4490.257
SPA08B,188.377,24.533,636.514,1876.142,3030.755,4205.608
SPA09B,194.224,86.295,644.296,1951.296,3000.407,4004.733
SPA10B,182.425,24.121,597.084,1953.484,3004.317,4163.987
SPA11B,188.884,15.923,746.871,2214.847,3264.809,4294.341
SPA12B,219.494,73.924,620.107,1700.106,2932.166,4055.862
SPA13B,144.960,16.792,569.971,1989.556,3002.901,4182.847
SPA14B,193.314,23.310,501.567,2030.368,3096.623,4344.494
SPA15B,192.175,67.825,617.254,1980.973,3145.187,4251.500
TOP01B,248.343,20.703,687.198,2147.117,3029.507,3933.220
TOP02B,278.637,51.511,527.405,1629.117,2975.940,3992.103
TOP03B,311.001,50.117,539.623,1846.407,2864.376,3739.137
TOP04B,306.222,84.609,739.783,1867.284,2862.774,3805.923
TOP05B,233.467,27.771,437.090,1911.351,2898.081,3948.207
TOP06B,252.736,44.813,520.424,1709.747,2853.794,3918.958
TOP07B,250.884,37.791,569.446,1669.883,2751.091,3764.038
TOP08B,254.276,56.526,722.876,1721.775,2912.262,3960.621
TOP09B,225.460,52.520,562.014,1862.813,2869.787,3936.726
TOP10B,267.871,48.653,586.208,1724.355,2689.377,3770.837
TOP11B,305.045,32.847,562.823,1781.090,2972.172,3903.975
TOP12B,250.517,36.110,581.147,1939.848,2941.930,3823.307
TOP13B,250.991,96.230,650.180,1909.960,2985.471,4155.581
TOP14B,228.513,53.476,660.140,1930.381,2896.268,4004.882
TOP15B,330.397,63.971,681.005,1961.600,3061.613,3972.690
TOR01B,201.747,94.351,581.547,1955.359,3000.715,4103.775
TOR02B,216.325,79.425,565.015,1910.085,2985.466,4121.551
TOR03B,326.671,110.573,830.690,1922.764,3068.952,3996.318
TOR04B,236.054,71.662,628.198,1846.817,3018.627,4088.901
TOR05B,177.359,72.317,577.869,1907.955,3043.684,4069.447
TOR06B,319.817,87.383,620.947,1877.080,3057.891,4122.184
TOR07B,274.562,127.266,615.470,1913.625,2943.878,3967.466
TOR08B,217.296,99.499,595.976,1808.326,2943.023,4048.353
TOR09B,283.046,102.400,564.440,1916.721,2887.348,3908.717
TOR10B,295.911,108.949,600.526,1832.175,3045.851,4050.532
TOR11B,351.857,70.488,674.842,2017.298,3030.886,4163.150
TOR12B,295.085,84.963,642.486,1798.358,3014.306,3774.205
TOR13B,330.553,111.525,796.199,1943.319,3151.437,4161.662
TOR14B,327.747,105.422,621.829,1848.631,2776.315,3842.781
TOR15B,223.164,107.257,753.158,2144.479,3054.324,4161.697
TOR16B,181.540,81.239,731.026,1993.439,3116.589,4131.267
TOR17B,304.851,104.388,576.026,1822.792,3047.124,4043.804
TOR18B,270.511,77.612,565.169,1963.408,2976.748,4029.872
TOR19B,337.893,77.398,591.338,2020.519,3047.477,4067.215
TOR20B,331.315,113.725,647.594,1826.829,2873.475,4008.809
TOR21B,225.493,74.225,760.380,2041.361,3186.104,4229.361
TOR22B,220.025,75.667,472.017,1877.165,2999.454,4060.248
TOR23B,300.678,73.492,662.871,1642.216,2932.185,3869.865
TOR24B,241.270,71.379,605.825,1799.896,2874.145,3801.844
TOR25B,236.269,78.074,525.470,1985.982,3017.264,4099.906
TOR26B,303.220,83.884,558.775,1895.519,3011.803,4072.647
TOR27B,364.393,123.609,655.802,1897.466,3045.640,4131.927
TOR28B,309.612,109.752,623.493,1867.297,2904.383,3984.217
TOR29B,254.436,88.141,604.309,1787.272,2796.641,3940.093
TOR30B,306.616,100.501,650.088,1871.124,3044.025,4096.066
TOR31B,270.739,113.440,583.585,1880.223,3016.590,4083.979
TOR32B,333.846,146.723,586.816,1821.730,2828.913,3983.340
TOR33B,345.490,100.381,505.104,1854.559,2989.290,4095.382
TOR34B,282.960,103.430,558.673,1891.677,3038.452,4089.906
TOR35B,233.246,81.499,633.248,2090.378,3082.289,4148.935
TOR36B,212.749,87.055,703.514,1897.712,3136.670,4194.364
TOR37B,261.618,81.200,506.736,2105.640,3063.810,4171.746
TOR38B,280.922,88.337,571.189,1903.818,2956.191,4077.303
TOR39B,308.969,95.771,541.580,2018.301,3075.913,4089.890
TOR40B,251.905,68.108,538.526,1964.588,2966.286,4043.118
TOR41B,271.076,94.385,675.203,1998.016,3039.737,4074.799
TOR42B,309.511,120.941,638.392,1785.715,2952.054,4004.062
TOR43B,281.305,52.077,526.194,2057.315,2965.532,4004.960
TOR44B,331.443,94.449,651.897,1909.008,3073.113,4090.034
TOR45B,315.262,109.824,599.467,1898.718,2975.785,4071.793
TOR46B,244.450,49.095,614.304,1956.427,3037.323,4009.878
TOR47B,253.454,83.349,706.522,1991.368,3185.876,4139.082
TOR48B,290.821,103.651,613.950,1627.619,2979.927,3948.084
TOR49B,354.538,64.107,664.894,1884.777,3049.694,4079.063
TOR50B,210.406,53.902,602.849,1949.257,2968.582,4096.587
TSI01B,202.140,29.319,587.978,1795.977,3093.727,4094.392
TSI02B,117.603,13.050,487.854,1735.251,2931.449,4070.318
TSI03B,170.674,29.644,602.176,2078.537,3210.320,4273.661
TSI04B,170.460,33.518,548.206,1985.180,3050.112,4176.057
TSI05B,129.254,49.269,584.041,2000.704,3275.118,4102.510
TSI06B,195.079,29.554,471.454,1869.852,3093.498,4182.964
TSI07B,132.737,17.966,456.113,1882.075,3102.640,4148.008
TSI08B,204.588,31.129,509.333,2003.238,3061.550,4310.051
TSI09B,188.140,22.863,529.304,1760.907,2997.707,4113.285
TSI10B,228.953,92.643,531.724,1926.447,3071.715,4137.735
TSI11B,119.709,15.621,608.165,1928.624,2939.382,3817.281
TSI12B,166.674,39.544,557.845,1914.446,3093.698,4191.570
TSI13B,149.306,16.873,501.230,1937.153,3016.228,4293.008
TUR01B,267.301,80.770,688.876,1871.375,3015.533,4080.877
TUR02B,235.938,59.596,684.216,1870.727,3161.651,4208.554
TUR03B,289.062,73.936,594.449,1881.740,3086.111,4174.510
TUR04B,277.627,60.478,691.226,1895.997,3049.235,4075.264
TUR05B,219.510,61.475,641.455,1859.734,2985.241,4132.028
TUR06B,323.334,84.408,592.635,1880.559,2865.033,4046.220
TUR07B,237.507,67.082,623.075,1959.039,3020.179,4182.443
TUR08B,203.078,41.938,689.558,1945.054,2962.607,4142.258
TUR09B,186.009,75.213,514.569,1676.454,2706.183,3799.867
TUR10B,248.978,74.369,743.476,1866.750,3117.188,4127.241
TUR11B,239.213,60.727,720.365,2035.236,3122.975,4064.627
TUR12B,230.859,59.440,610.466,1909.626,2869.172,3964.971
TUR13B,154.080,65.726,603.258,1792.094,2838.844,3884.610
TUR14B,226.052,65.905,499.036,1858.244,2967.687,4072.886
TUR15B,275.927,81.031,713.574,2064.284,3038.196,4090.239
TUR16B,263.097,80.668,610.410,1752.317,2919.720,4063.639
TUR17B,262.205,104.010,631.711,1775.213,2968.149,4072.895
TUR18B,261.066,54.429,483.115,1816.452,2908.024,4060.074
TUR19B,244.291,78.195,584.624,1675.528,2984.218,4057.791
TUR20B,205.320,49.728,458.467,1958.805,2929.503,4169.922
USD01B,268.817,87.354,618.253,1832.852,2958.320,4149.169
USD02B,242.952,88.610,546.026,2163.140,3002.566,4207.286
USD03B,268.312,77.051,509.963,1954.680,3003.231,4119.739
USD04B,347.126,87.277,606.087,1797.080,3029.689,4042.491
USD05B,274.268,92.804,575.210,1839.813,2938.029,4107.961
USD06B,244.167,99.950,558.129,1947.730,3001.539,4126.892
USD07B,268.437,80.961,682.602,1699.302,2930.889,4074.908
USD08B,229.908,46.958,698.785,1952.649,3013.463,4070.469
USD09B,394.922,98.608,711.702,1528.219,2632.305,3784.426
USD10B,127.936,19.192,626.478,1711.327,2683.883,3670.559
USD11B,303.118,85.492,604.708,1850.557,2939.570,4045.874
USD12B,214.678,44.006,597.306,1955.588,2956.339,4142.882
USD13B,329.013,109.093,738.241,1974.116,3012.057,4115.427
USD14B,308.504,114.029,775.130,1855.426,2972.909,4035.515
USD15B,166.503,40.988,574.113,1843.752,2922.523,4016.885
USD16B,377.641,29.257,610.596,1889.875,3068.702,4068.706
USD17B,350.094,89.277,599.067,1845.325,2989.038,4115.304
USD18B,294.030,83.922,595.238,1855.242,3049.431,4090.115
USD19B,282.665,89.399,633.057,1984.274,3000.685,4121.916
USD20B,297.926,67.388,548.110,1975.034,2975.681,4052.618
USD21B,318.849,63.467,747.227,1878.737,3109.434,4191.003
USD22B,267.060,53.419,700.754,1826.534,2980.956,4097.164
USD23B,297.409,93.929,680.026,2101.445,3039.666,4213.318
USD24B,338.574,87.914,664.661,1987.580,2872.431,3846.480
USD25B,272.280,87.521,596.760,1915.487,2910.820,3988.241
USD26B,303.023,95.410,695.631,1946.368,3052.722,4120.980
USD27B,249.605,69.444,542.620,2118.296,2930.548,4182.352
USD28B,266.160,94.379,632.922,1851.322,2934.513,3965.146
USD29B,147.040,41.663,573.890,1763.322,2650.945,3846.706
VAN01B,196.092,56.342,672.033,2061.615,3094.378,3874.471
VAN02B,214.131,41.861,618.990,1800.096,2805.986,3856.487
VAN03B,247.027,35.768,613.957,1803.968,3099.756,4121.473
VAN04B,309.137,87.707,666.771,1744.441,3069.185,4063.548
VAN05B,295.122,65.623,704.498,1947.979,2896.559,3829.334
VAN06B,261.255,42.257,616.623,1752.972,3061.542,3966.784
VAN07B,251.121,48.628,676.315,1674.819,2834.659,3866.639
VAN08B,193.034,72.654,634.027,1961.889,3257.973,4223.174
VAN09B,218.995,46.230,598.042,1724.158,2921.130,3866.421
VAN10B,194.353,82.799,648.242,1660.804,2984.820,3917.097
VAN11B,174.279,33.630,590.678,1753.290,2924.498,3852.356
VAN12B,177.734,47.616,583.381,1853.609,3071.593,4081.294
VAN13B,213.801,24.767,646.711,1740.835,3055.100,3778.274
VAN14B,298.285,51.662,580.256,1658.001,2940.781,4097.815
VAN15B,132.945,26.099,564.684,1620.275,2768.565,3768.771
VAN16B,251.650,39.434,578.998,1695.938,2858.441,4032.381
VAN17B,215.763,32.407,582.032,1755.025,2938.009,3941.690
VAN18B,161.955,78.707,804.474,2049.730,3098.244,4062.802
VAN19B,262.910,39.250,621.624,1854.170,2942.942,3993.223
VAN20B,269.666,61.317,734.738,1723.687,3014.544,4099.510
VAN21B,209.943,46.469,581.819,1790.898,2976.392,3984.431
VAN22B,284.231,42.720,699.933,1868.853,2949.962,4131.589
VAN23B,193.703,78.236,613.242,1726.314,3051.476,4037.414
WEL01B,273.895,63.576,590.625,1546.716,2856.633,3994.394
WEL02B,257.868,96.033,651.076,1873.772,2947.117,4029.347
WEL03B,401.828,52.766,729.353,1880.726,2963.053,4086.414
WEL04B,309.577,128.776,590.569,1783.971,2876.761,4047.931
WEL05B,401.590,85.252,808.670,2000.386,3068.770,4220.139
WEL06B,177.702,65.469,616.580,1743.341,2857.127,3968.423
WEL07B,299.538,104.472,604.726,1878.882,2917.434,3982.552
WEL08B,291.378,108.866,749.635,2009.770,3050.251,4037.716
WEL09B,275.524,59.679,587.596,1881.941,2996.523,4114.178
WEL10B,302.221,112.368,582.405,1858.983,2909.158,4000.135
WEL11B,210.931,98.601,586.418,1846.896,2901.242,4035.773
WEL12B,269.273,104.415,605.806,1882.189,2999.949,4012.271
WEL13B,335.413,95.286,776.873,1989.828,3113.013,3906.899
WEL14B,271.268,92.169,666.184,2003.122,3002.791,4059.374
WEL15B,240.325,76.843,654.353,1769.051,2789.494,3927.157
WEL16B,324.200,68.234,685.747,1932.493,3006.538,4084.497
WEL17B,283.972,70.334,802.796,2064.937,3099.154,4118.614
WEL18B,270.645,97.326,460.752,1945.301,2929.230,3907.807
WEL19B,250.990,148.865,744.922,1944.084,3080.602,4100.981
WEL20B,190.583,75.650,634.393,1822.024,3011.090,4059.565
WEL21B,314.846,77.474,503.991,1912.099,2987.225,4021.736
WEL22B,273.505,67.285,556.204,1928.297,2902.899,4012.534
WEL23B,334.990,102.415,769.194,1920.825,2907.755,4030.802
WEL24B,264.474,81.590,576.457,1849.758,2996.931,3999.492
WEL25B,328.888,103.831,541.519,1841.562,2859.614,3990.413
WEL26B,346.439,100.199,599.764,1816.064,2937.748,3995.042
WEL27B,330.790,112.933,638.858,1888.011,2938.180,4090.613
WEL28B,236.029,64.264,647.697,1850.044,2932.724,4015.738
WEL29B,375.935,107.477,624.323,1633.231,2866.544,3967.005
WEL30B,340.981,94.004,621.969,1909.150,3039.773,4081.473
WEL31B,289.960,83.304,563.620,1914.536,3022.329,4103.232
WEL32B,277.931,158.701,726.617,1754.894,2902.624,3964.544
WEL33B,261.380,56.179,597.877,1883.245,2978.548,4107.543
WEL34B,302.000,81.739,655.165,1918.736,2868.077,3859.504
WEL35B,310.328,109.004,677.472,1894.853,2998.831,4119.451
WEL36B,332.918,105.356,656.766,1824.286,2931.608,3939.370
WEL37B,148.882,58.480,590.900,1881.769,2852.295,3934.178
WEL38B,393.703,97.762,674.510,1717.544,2999.325,3983.460
WEL39B,318.902,88.842,615.630,1788.155,2994.531,4062.159
WEL40B,296.983,67.504,667.672,1666.289,2919.562,4021.498
WEL41B,317.906,98.884,589.611,1797.470,2758.597,3897.823
WEL42B,229.402,27.807,601.353,1918.680,2814.058,4135.139
WEL43B,205.549,75.187,514.091,1680.628,2751.046,3890.688
WEL44B,222.435,139.693,536.729,1861.257,2786.748,4062.448
WEL45B,243.786,64.254,812.024,2121.759,3032.977,4084.417
WEL46B,356.858,139.288,686.716,1804.289,2926.676,3948.737
WEL47B,331.152,119.959,691.680,1779.702,2916.009,3949.443
WEL48B,310.274,104.149,579.490,1974.005,3082.641,3982.066
WEL49B,273.256,87.144,686.918,1902.689,3018.366,4066.521
WEL50B,252.185,110.546,616.086,1876.625,2868.452,3918.838
WEL51B,157.293,66.611,525.204,1742.408,2782.461,3901.910
WEL52B,210.561,68.680,613.993,1775.073,3035.858,4122.839
WEL53B,255.293,87.692,758.736,2022.725,3085.790,4119.506
WEL54B,320.291,112.709,639.733,1904.440,2968.552,4065.795
WEL55B,254.764,96.876,497.653,1834.552,2968.294,4051.165
WEL56B,383.747,90.453,709.786,1742.137,2842.374,3875.166
WEL57B,241.878,70.345,604.606,1787.516,2712.203,3839.947
